FILE	SHA256	PAGES	SIZE
crmaggjendjaartikujveminimum.pdf	03b92b4eb74aad3403045900f2762081afebb0901468b631cddad1c736e4a227	3	13964
fatura_4319.pdf	06c5f35a602947fee965a8e166e5d5ca4e7de68332530fd301d914fcef28ec5e	2	424673
Prompt_Abacus_Sistemi_Pagave_EN.pdf	0aefe9f6a75f035de948560cf9e019aaf4d513d3a8772eb172e1b2de265683f1	23	3758962
crrapashthjeshteformat1.pdf	0d5bc2d3b09a363a6badb42b1b7f7c5ecfbd6fd3dfaaf114b42858f5343fd80a	1	15507
crmaggjendjamagazinesdetajime.pdf	0fcbc4c6c5ab14c18dae86a58128306aafaa7d9d30b1e2225181dede5d6066d8	6	40275
crshitjeartikuj.pdf	1e9b26ded38bdfa97744807dcf8fb4b26b88b5505e83dce043e554412ce12a06	3	33769
Pz89a2USOdNm9cwxBaEDP-VVFg3mJMQ3YJ0XFKuyG70.pdf	3f3f3d6b651239d366f5cc3105a1033fe555160de624c437609d1714abb21bbd	27	4588832
crfurnitorsituacionsipaskateg.pdf	4063eec62d8916b88dc0f0bf87f96b223272deb6af64deff3a4e6bdcf36396b1	2	18188
crmaganalizaartikujve.pdf	520ba539c4660e614d6ed73ad52659510bc8136c3c031e2eb10aa1b9ffc204ed	3	31197
crmagartikujgjendjenegative.pdf	56967ec94ba9c6a9d8ec33982c09e302022de0e648e93e6e7de2fc9b251d37a2	9	46908
crarketimearka.pdf	58e6ea633528d1e47da5b184674aaef2ac9e1008251faa47fdf8cc23b0716252	1	9050
crmagregjpermbledhes.pdf	5bb96c64b5a0214dd756800dbcb9f25391302898ec86ff73ab9818e9ded00c9d	4	41938
crshitjemarzhi.pdf	6628cd9bf3235a1c341d83faac6a4f7130704d5abb58371a8439196297967771	2	36803
crrapashthjeshteformat2.pdf	6abcfd0dfb45d35e121a4d0c193fc222a8a620c0469915019ed117a299ac8cb8	1	15201
crshitjeparagona.pdf	72ef17198ad96839cff87269610a27dc8a6dc2736c50c0b28cc10925b62299f4	4	37949
crfurnitorkartelaformat3.pdf	7d66ff8f89b4673b612b6704eb72c2204fef79ae3123e85f7715de232740d632	1	11418
crshitjelistecmimesh.pdf	7f831f3b9bd20f164bfa8ef038d42fd64c69e398b1855cc50c661a5e72bdb3d4	121	934619
crmarkshitjetsipasqyteteve.pdf	8465c06212497cac0d1bf001e30f8ba08e5460508217731f176728e9351d5e61	2	15471
crshitjefaturimedhepagesa.pdf	85fb87a7c6a0b80c0c9892960f564865112af8912270679233033756e95e4546	1	11187
crshitjeregjistripermbledhes.pdf	87d6b4b16f1ab977ac4e14f6947302b58b0e37e112bd3c8d0e4eb57315fe1b6e	5	70894
crshitjeartikujzbritjeanalitike.pdf	8905c84f95ccc2f5ce137131e1c36ff2574a04a91749aadd1f0d249530bb4548	18	57870
crmaggjendjaartikullit.pdf	925dbd5f87b3fcea9b979687a3a3e7b15aef586489fff9da5d430302181a9b1c	9	42946
crmaggjendjaartikullitpermbledhur.pdf	956504fdfdf299ab05e321926e9f11db2d68e3632a5bb956888a18008c8d56c2	2	14288
crshitjeartikujpashitur.pdf	9c253c54bddace34973721fe86f2cbf79bfca9312c8ddcb859e547de0ea0a930	1	8988
crmarkshitjetsipassasise.pdf	aba8a472f5047bddce4eb3257c218f85edb9a106db5775d2950fc83b1ba03f26	19	51895
crshitjekartelaartikullit.pdf	ac78d58c9ccd082cfe613738718268261ab8be07c70230b2b32c291ed627782f	70	198285
crfurnitormaturimifushashtese.pdf	ad23a9a96e0275d568aaa2efb4df492cbff0f432fb7b51bbdedfba9bb7a3445b	1	11755
crfurnitormaturimipermbledhes2.pdf	ae175cd1057a79e093de4a2027b17c1b06b90b7d9bb98b09aaf1cfa0db3236c7	1	11436
crmarkshitjetsipasklienteve.pdf	aee11f067c930d860425b2175132073399043a275c002daed9fcd1152c54dc1e	3	18800
crmarkshitjetsipassasisetotal.pdf	b1c4bdd3c466dd8511cbd3a47512a65fd1a13284b06647ab0222fb2566b59ad6	35	78008
crmaggjendjamagazines.pdf	b2423103437efbc8f46c01858cb13933346ec469f6111d932fe6d57cd406b1f1	4	31918
crshitjekthime.pdf	bc16d926ea9fcf1cdaa854050e7a364cdb316da39bda9f7e27cce46f4b6cadbe	1	9305
crmagkartelaartikullit.pdf	c198a1f5f3a3ce749b96246d633bd56a563b7e79e8bdf40352da40382fe89dc2	72	194245
crshitjeregjistrianalitik.pdf	c9f7f218a9236328c945811a075f6336b4fd342a02a1e2d52dea79c8acd5625a	27	233250
crfurnitorsituacion.pdf	ce9f91b73e22f0cabb9f785f45047e92a3cc901d88e10b20d31b8f24e66c4d0e	1	13017
crshitjesipasartikujve.pdf	d2615bf5bb4a645ff751f08c98854344d99dde0b20b8f2086f736dd9e6e8709f	2	21834
crfurnitormaturimi.pdf	d9827f007bf76c9ac6aa9fa7afbabcb31ba85986638507fe9319f18b51948061	1	11693
crshitjemarzhi_2.pdf	e14b3f39763ceef54870893f9e6614b10fb90251db13b095bd9cbae69a5ac40d	3	33072
crfurnitorkartela.pdf	e9d28b6469ded452b5fbf25835b33117d2d7b3ad3311aa32d67b42f3330668b1	1	11521
crmagregjanalitik.pdf	ecb2c515601752c3a737417671ef704592114c6b64d7c6c84afa15ad79cc3a46	17	101322
crdoganimeregjimporte.pdf	fc8ff98d1b768580d1d75211f9c52e3c18246ef796ed2c38b0bd4224415f0933	1	9484
